

use mydb_test;


--- coordinate
LOCK TABLES `coordinate` WRITE;
/*!40000 ALTER TABLE `coordinate` DISABLE KEYS */;
INSERT INTO `coordinate` VALUES (1,1,3,3.8,0,0,NULL,4),(2,1,6,3.8,0,0,'101',1),(3,1,10,3.8,0,0,'103',1),(4,1,14,3.8,0,0,'105',1),(5,1,18,3.8,0,0,'107',1),(6,1,22,3.8,0,0,'109',1),(7,1,26,3.8,0,0,'111',1),(8,1,30,3.8,0,0,'113',1),(9,1,34,3.8,0,0,'115',1),(10,1,38,3.8,0,0,NULL,0),(11,1,2,8.8,0,0,NULL,0),(12,1,6,8.8,0,0,NULL,0),(13,1,10,8.8,0,0,NULL,0),(14,1,14,8.8,0,0,NULL,0),(15,1,18,8.8,0,0,NULL,0),(16,1,22,8.8,0,0,NULL,0),(17,1,26,8.8,0,0,NULL,0),(18,1,30,8.8,0,0,NULL,0),(19,1,34,8.8,0,0,NULL,0),(20,1,38,8.8,0,0,NULL,0),(21,1,2,16.2,0,0,NULL,0),(22,1,6,16.2,0,0,NULL,0),(23,1,20,16.2,0,0,NULL,0),(24,1,38,16.2,0,0,NULL,0),(25,1,6,20,0,0,'Healthy',1),(26,1,2,21.2,0,0,'WC',1),(27,1,20,21.2,0,0,'Library',1),(28,1,3,8.8,0,0,NULL,0),(29,1,1,3.8,0,0,NULL,3),(30,1,1,8.8,0,0,NULL,0),(31,2,3,3.8,0,0,NULL,4),(32,2,6,3.8,0,0,'201',1),(33,2,10,3.8,0,0,'203',1),(34,2,14,3.8,0,0,'205',1),(35,2,18,3.8,0,0,'207',1),(36,2,23,3.8,0,0,'209',1),(37,2,29,3.8,0,0,'211',1),(38,2,34,3.8,0,0,'213',1),(39,2,38,3.8,0,0,NULL,0),(40,2,2,8.8,0,0,NULL,0),(41,2,3,8.8,0,0,NULL,0),(42,2,6,8.8,0,0,NULL,0),(43,2,10,8.8,0,0,NULL,0),(44,2,14,8.8,0,0,NULL,0),(45,2,18,8.8,0,0,NULL,0),(46,2,23,8.8,0,0,NULL,0),(47,2,29,8.8,0,0,NULL,0),(48,2,34,8.8,0,0,NULL,0),(49,2,38,8.8,0,0,NULL,0),(50,2,2,16.2,0,0,NULL,0),(51,2,6,16.2,0,0,NULL,0),(52,2,10,16.2,0,0,NULL,0),(53,2,14,16.2,0,0,NULL,0),(54,2,20,16.2,0,0,NULL,0),(55,2,28,16.2,0,0,NULL,0),(56,2,36,16.2,0,0,NULL,0),(57,2,38,16.2,0,0,NULL,0),(58,2,6,20,0,0,'Canteen',1),(59,2,2,21.2,0,0,'WC',1),(60,2,10,21.2,0,0,'202',1),(61,2,14,21.2,0,0,'204',1),(62,2,20,21.2,0,0,'206',1),(63,2,28,21.2,0,0,'208',1),(64,2,36,21.2,0,0,'210',1),(65,2,1,3.8,0,0,NULL,3),(66,2,1,8.8,0,0,NULL,0);
/*!40000 ALTER TABLE `coordinate` ENABLE KEYS */;
UNLOCK TABLES;

--- connection_point
LOCK TABLES `connection_point` WRITE;
/*!40000 ALTER TABLE `connection_point` DISABLE KEYS */;
INSERT INTO `connection_point` VALUES (1,1,28),(2,2,12),(3,3,13),(4,4,14),(5,5,15),(6,6,16),(7,7,17),(8,8,18),(9,9,19),(10,10,20),(11,12,13),(12,13,14),(13,14,15),(14,15,16),(15,16,17),(16,17,18),(17,18,19),(18,19,20),(19,11,21),(20,20,24),(21,21,22),(22,22,23),(23,23,24),(24,21,26),(25,22,25),(26,23,27),(27,11,28),(28,12,28),(29,29,30),(30,11,30),(31,31,41),(32,32,42),(33,33,43),(34,34,44),(35,35,45),(36,36,46),(37,37,47),(38,38,48),(39,39,49),(40,40,41),(41,41,42),(42,42,43),(43,43,44),(44,44,45),(45,45,46),(46,46,47),(47,47,48),(48,48,49),(49,40,50),(50,49,57),(51,50,51),(52,51,52),(53,52,53),(54,53,54),(55,54,55),(56,55,56),(57,56,57),(58,51,58),(59,50,59),(60,52,60),(61,53,61),(62,54,62),(63,55,63),(64,56,64),(65,65,66),(66,40,66);
/*!40000 ALTER TABLE `connection_point` ENABLE KEYS */;
UNLOCK TABLES;


-- beacon
LOCK TABLES `beacon` WRITE;
/*!40000 ALTER TABLE `beacon` DISABLE KEYS */;
INSERT INTO `beacon` VALUES (1,'107, 109',1,20,0,1,1,'Beacon 1'),(2,'107, 109',1,20,7.6,2,1,'Beacon 2'),(3,'107',1,16,7.6,3,1,'Beacon 3'),(4,'109',1,24,7.6,4,1,'Beacon 4');
/*!40000 ALTER TABLE `beacon` ENABLE KEYS */;
UNLOCK TABLES;


-- configuration
LOCK TABLES `configuration` WRITE;
/*!40000 ALTER TABLE `configuration` DISABLE KEYS */;
INSERT INTO `configuration` VALUES (1,'send.sms','SEND_SMS','0'),(2,'emotion.acception','EMOTION_ACCEPT','0.15'),(3,'email.company','EMAIL_COMPANY','tkcs.vn'),(4,'password.default','PASSWORD_DEFAULT','abcd@123'),(5,'checkin.accept.confident','CHECKIN_ACCEPT_CONFIDENT','0.6'),(6,'time.checkin.begin','TIME_CHECKIN_BEGIN','6:31'),(7,'time.checkin.end','TIME_CHECKIN_END','11:00');
/*!40000 ALTER TABLE `configuration` ENABLE KEYS */;
UNLOCK TABLES;
INSERT INTO mydb.configuration(key_query,name,value) VALUES('checkin.training.confident', 'CHECK_IN_TRAINING_CONFIDENT', '0.85');

--- department
LOCK TABLES `department` WRITE;
/*!40000 ALTER TABLE `department` DISABLE KEYS */;
INSERT INTO `department` VALUES (1,0,'khaothitest','Phòng Khảo Thí Trường Đai học FPT','Khảo Thí',1),(2,0,'khaothitest2','Phong Khao Thi Truong DH FPT ','Khao Thi',1),(3,0,'khaothitest3','Phong Khao Thi Truong DH FPT ','Khao Thi',1),(4,0,'khaothitest4','12312312312','Khao Thi',1),(5,1,'khaothitest6','Phong khao thi truong dai hoc FPT','Tiep Vien 1',1),(6,1,'kt7','Phong Khao Thi 7','Tiep Vien 2',0),(7,1,'tkcs','TKCS is here','TKCS',0);
/*!40000 ALTER TABLE `department` ENABLE KEYS */;
UNLOCK TABLES;

-- role
LOCK TABLES `role` WRITE;
/*!40000 ALTER TABLE `role` DISABLE KEYS */;
INSERT INTO `role` VALUES (1,'admin','/admin/**;/account/**;/department/**','redirect:/admin/accounts/'),(2,'manager','/manager/**','redirect:/manager/check_in/'),(3,'employee','/employee/**','redirect:/employee/attendance/');
/*!40000 ALTER TABLE `role` ENABLE KEYS */;
UNLOCK TABLES;


-- emotion_content
LOCK TABLES `emotion_content` WRITE;
/*!40000 ALTER TABLE `emotion_content` DISABLE KEYS */;
INSERT INTO `emotion_content`(id, emotion_first,emotion_second, emotion_third, message, status, vote,  from_age, gender, to_age) VALUES (1,0,8,8,'Ban nen nói chuyện nhẹ nhàng với %s.',1,0,NULL,NULL,NULL);
INSERT INTO `emotion_content`(id, emotion_first,emotion_second, emotion_third, message, status, vote,  from_age, gender, to_age) VALUES (2,0,8,8,'Bạn nên rót cho %s ly nước.',1,0,NULL,NULL,NULL),(3,1,8,8,'Bạn nên bình tỉnh và tôn trọng %s khi nói chuyện.',1,0,NULL,NULL,NULL),(4,2,8,8,'Bạn nên lăng nghe những ấm uất của %s.',1,0,NULL,NULL,NULL),(5,3,8,8,'Bạn nên tạo không gian cỡ mở với %s.',1,0,NULL,NULL,NULL),(6,4,8,8,'Bạn nên vui vẻ nói chuyện với %s.',1,2,NULL,NULL,NULL),(7,5,8,8,'Bạn nên tươi cười khi nói chuyện với %s.',1,0,NULL,NULL,NULL),(8,6,8,8,'Bạn nên nói chuyện với %s nhẹ nhàng.',1,0,NULL,NULL,NULL),(9,7,8,8,'Bạn nên thoải mái nói chuyện với %s.',1,2,NULL,NULL,NULL),(10,5,8,8,'Bạn nên hỏi thăm %s.',1,1,NULL,NULL,NULL);
/*!40000 ALTER TABLE `emotion_content` ENABLE KEYS */;
UNLOCK TABLES;



-- account
LOCK TABLES `account` WRITE;
/*!40000 ALTER TABLE `account` DISABLE KEYS */;
INSERT INTO `account`(id, active, full_name, password, token, user_code, username, department_id, role_id, time_create, time_deactive, gender, manager_id, address, email, key_one_signal, note, phone) VALUES(1,0,'Do Ngoc Hoang','123456',NULL,'3b945e26-93eb-4698-8734-99dda748145b','hoangdn',1,3,'2016-01-01 00:00:00',NULL,0,NULL,NULL,'',NULL,NULL,'');
INSERT INTO `account`(id, active, full_name, password, token, user_code, username, department_id, role_id, time_create, time_deactive, gender, manager_id, address, email, key_one_signal, note, phone) VALUES(2,1,'Thai Quan Hien dep trai','123456',NULL,'93cd44cf-fe2b-487a-941d-0474aa933266','admin',1,1,'2016-01-01 00:00:00',NULL,0,NULL,NULL,'',NULL,NULL,'');
INSERT INTO `account`(id, active, full_name, password, token, user_code, username, department_id, role_id, time_create, time_deactive, gender, manager_id, address, email, key_one_signal, note, phone) VALUES(4,1,'Ngoc Trinh','123456',NULL,'e20420ce-2a2f-4e09-a7b3-b654c1c06d4e','manager',5,2,'2016-01-01 00:00:00',NULL,0,NULL,NULL,'',NULL,NULL,'');

INSERT INTO `account`(id, active, full_name, password, token, user_code, username, department_id, role_id, time_create, time_deactive, gender, manager_id, address, email, key_one_signal, note, phone) VALUES(3,1,'Dai Ca Lanh Dao','123456',NULL,'d2b2237c-a687-4773-8f8a-c0d045bbdaf1','daicalanhdao',5,3,'2016-01-01 00:00:00',NULL,0,4,NULL,'','76e1cf31-e007-4fac-b1ee-d3870a0e210f',NULL,'');

INSERT INTO `account`(id, active, full_name, password, token, user_code, username, department_id, role_id, time_create, time_deactive, gender, manager_id, address, email, key_one_signal, note, phone) VALUES(5,0,'Le Thanh Tan','123456','62898df2-1b88-43a6-b3b8-dfb569f5390c','b14401f1-ff95-4f87-b1b4-67b48f0d5207','tandeptrai',5,3,'2016-01-10 00:00:00',NULL,0,4,NULL,'','',NULL,'');
INSERT INTO `account`(id, active, full_name, password, token, user_code, username, department_id, role_id, time_create, time_deactive, gender, manager_id, address, email, key_one_signal, note, phone) VALUES(6,1,'Nguyen D','80c75u33b38o',NULL,'156a8891-1de3-4385-8550-2027a4e9d9a8','user5',6,3,'2016-10-03 05:33:43',NULL,0,NULL,NULL,'',NULL,NULL,'');
INSERT INTO `account`(id, active, full_name, password, token, user_code, username, department_id, role_id, time_create, time_deactive, gender, manager_id, address, email, key_one_signal, note, phone) VALUES(7,0,'Le Thanh Tan ne','abcd@123',NULL,'005baab9-9703-49c1-8059-1c660fc4af9c','TanLTT1',5,3,'2016-11-04 10:35:18',NULL,0,4,NULL,'',NULL,NULL,'');
INSERT INTO `account`(id, active, full_name, password, token, user_code, username, department_id, role_id, time_create, time_deactive, gender, manager_id, address, email, key_one_signal, note, phone) VALUES(8,1,'Le Thanh Tan ','abcd@123',NULL,'0f7d75f0-3c0c-42c9-825e-c1a808af797e','tanlt1',5,3,'2016-09-05 03:46:55',NULL,0,4,'123123123','thanhtan1105@gmail.com','',NULL,'0936714994');
INSERT INTO `account`(id, active, full_name, password, token, user_code, username, department_id, role_id, time_create, time_deactive, gender, manager_id, address, email, key_one_signal, note, phone) VALUES(9,0,'Chuoi Nhu Qua Chuoi','abcd@123',NULL,'7c566296-e1f7-416c-830e-d285c4e39629','projectchuoi',5,3,'2016-11-07 04:26:44',NULL,0,4,'304/712','example@gmail.com',NULL,NULL,'123123123');
INSERT INTO `account`(id, active, full_name, password, token, user_code, username, department_id, role_id, time_create, time_deactive, gender, manager_id, address, email, key_one_signal, note, phone) VALUES(10,1,'chuoicanai','abcd@123',NULL,'cf3538ff-f075-498a-86a2-eddc30898951','quachuoi',5,3,'2016-11-07 04:30:47',NULL,0,4,'123123','12@gmail.com',NULL,NULL,'123123');
INSERT INTO `account`(id, active, full_name, password, token, user_code, username, department_id, role_id, time_create, time_deactive, gender, manager_id, address, email, key_one_signal, note, phone) VALUES(11,0,'Nguyen Quang Hien','abcd@123',NULL,'862acc12-835d-48b8-8d7a-4959af6de06a','hiennq',5,3,'2016-11-12 17:55:56','2016-11-12 18:04:51',0,4,'342/82 Quang Trung, Go Vap','',NULL,'Java developer','091234567');
INSERT INTO `account`(id, active, full_name, password, token, user_code, username, department_id, role_id, time_create, time_deactive, gender, manager_id, address, email, key_one_signal, note, phone) VALUES(12,1,'Tran Van Thanh','abcd@123',NULL,'c8f98400-c404-42e8-994d-b89cc5291193','thanhtv',5,3,'2016-11-14 13:58:09',NULL,0,4,'37 Quang Trung','',NULL,'Bop Developer','123456123');
/*!40000 ALTER TABLE `account` ENABLE KEYS */;
UNLOCK TABLES;


-- face

LOCK TABLES `face` WRITE;
/*!40000 ALTER TABLE `face` DISABLE KEYS */;
INSERT INTO `face`(id, persisted_face_id, store_path, account_id, active) VALUES (2,'22482149-6f46-4a41-86ca-448a0f60ea36','1478317683817.jpg',8,0),(3,'5b24e5e1-88ec-43b1-bd86-6140cab49b5d','1478317697703.jpg',8,1);
INSERT INTO `face`(id, persisted_face_id, store_path, account_id, active) VALUES(4,'a97272d7-5a65-4810-8d8b-7dfdda117fa2','1478323323927.jpg',8,1),(5,'b32cba0e-8f3b-424a-aa55-aed7ab740e59','1478323437938.jpg',8,0),(6,'684671ee-3ba9-4a93-9210-950aab99ac2c','1478323554758.jpg',8,1),(7,'6704fcc9-79d6-46d2-afdb-d2e75eb403c6','1478323735042.jpg',8,1),(8,'7cb0c117-b892-4193-832a-53f3138d9639','1478323812379.jpg',8,1),(9,'2a8f0511-fcdd-4fd0-a1ba-54e0aebbc5d2','1478323899888.jpg',8,1),(11,'c4caeadb-abf5-4306-b29b-14ec7ef3f866','1478492850261.jpg',9,1),(12,'93b6a578-4e74-41d6-98d0-c5432e6ad62f','1478492887502.jpg',9,1),(14,'03712545-77da-4b4d-86f8-980035ec46b9','1478538951382.jpg',8,1),(15,'10a0133d-c083-4ac2-afe9-7bdd4321f558','1478587251982.jpg',8,1),(16,'8d77e943-b7c8-49b1-a96f-9469d357088f','1478590759833.jpg',10,0),(17,'35c9be3c-b684-4465-b1c9-1081e44ed929','1478591741320.jpg',3,0),(18,'5ebc43a8-cadf-4243-b43a-f144c45547df','1478592374556.jpg',3,0),(19,'0c43551b-07cc-49bf-bbdc-36ea142ab230','1478675883995.jpg',8,1),(20,'0c86683c-c75e-4b7c-9928-6aa2ca0d1b1c','1478676445335.jpg',3,0),(21,'19981081-4abf-411c-9fc9-22191f729e2b','1478677429815.jpg',10,0),(22,'2970347e-41b6-4479-85db-134923511b38','1478677784201.jpg',10,1),(23,'5df07837-789a-4247-8b65-b6d54864b205','1478679983487.jpg',10,1),(24,'1c6616e2-4d73-48f6-a900-09d8c8affb9f','1478680055045.jpg',10,1),(25,'36e202bf-81d0-4634-82f4-bfc57a377342','1478680149846.jpg',10,1),(26,'73b0dc8b-4476-4aea-91da-71005adb5b43','1478750500477.jpg',3,0),(27,'bb1f0d62-98cd-4ec0-bcc8-b09a7d9d9a32','1478750583726.jpg',3,0),(28,'17436f2c-0ad1-4adf-9d36-e3bc7c181adb','1478846216426.jpg',3,0),(29,'d993f5ba-45e2-48f7-a547-053f5375e14f','1478847152803.jpg',3,0),(30,'1d443938-8682-4584-862d-f44322692919','1478937577560.jpg',10,1),(31,'3af1066f-38a5-4adf-9391-d777bb3ea2a3','1478939092563.jpg',10,1),(32,'101f8d52-ffb9-4044-954d-b6fc1aaadbc4','1478939199662.jpg',10,1),(33,'3c949023-b828-4913-8d9b-55e9ec491b3f','1478939315840.jpg',10,1),(34,'df5f1a94-9032-4b88-a4ba-f56251970251','1479042669251.jpg',8,1),(35,'fccdac5e-0296-4ae8-80de-640d28b81d81','1479096482604.jpg',3,0),(36,'adc03036-1468-4988-86ae-72d1d2e3a140','1479096588421.jpg',3,0),(37,'ea45c903-5a12-4ebe-8fab-c4196cd542ce','1479116773667.jpg',10,1),(38,'b7004928-6cd4-45cd-b3cf-aa39bf8e9f39','1479121712775.jpg',10,1),(39,'243c0ff8-bc16-47c2-a331-46fa93d759b5','1479121733810.jpg',10,1),(40,'05313854-ccf7-4a07-b9be-a62315e4b983','1479121766215.jpg',10,1),(41,'a22eb908-6ab7-43bc-8e07-8c8e77c9632f','1479121927366.jpg',10,1),(42,'36dec8d6-942f-4064-8da0-023636fb2a0c','1479131973692.jpg',12,1),(43,'6e0a7cb6-839c-4ce2-a1fa-48cb6c2d29fa','1479182872583.jpg',3,0),(44,'3417272d-f49c-4a64-97e1-a6d8ab6f7b48','Checkin/5_khaothitest6/8_tanlt1/Train/20161116235009.jpg',8,1),(45,'5790a417-80ac-42f7-b54f-cf2e98e2a2e4','Checkin/5_khaothitest6/3_daicalanhdao/Train/20161117103507.jpg',3,1),(46,'3003ea60-82d0-4b9d-9e55-904556ec5226','Checkin/5_khaothitest6/3_daicalanhdao/Train/20161117103536.jpg',3,1);
/*!40000 ALTER TABLE `face` ENABLE KEYS */;
UNLOCK TABLES;

--- customer_service
LOCK TABLES `customer_service` WRITE;
/*!40000 ALTER TABLE `customer_service` DISABLE KEYS */;
INSERT INTO `customer_service` VALUES (1,'14753150857021475315085702','2016-10-01 09:44:46',0,3,5,0,NULL,NULL);
(2,'14754208539011475420853901','2016-10-02 15:07:34',0,3,3,0,NULL,NULL),(3,'14754211141991475421114199','2016-10-02 15:11:54',0,3,3,0,NULL,NULL),(4,'14754211226711475421122671','2016-10-02 15:12:03',0,3,3,0,NULL,NULL),(5,'14754213011191475421301119','2016-10-02 15:15:01',0,3,3,0,NULL,NULL),(6,'14754217473761475421747376','2016-10-02 15:22:27',0,3,3,0,NULL,NULL),(7,'14754217546751475421754675','2016-10-02 15:22:35',0,3,3,0,NULL,NULL),(8,'14754217602611475421760261','2016-10-02 15:22:40',0,3,3,0,NULL,NULL),(9,'14754218271801475421827180','2016-10-02 15:23:47',0,3,3,0,NULL,NULL),(10,'14754219068971475421906897','2016-10-02 15:25:07',0,3,3,0,NULL,NULL),(11,'14754219203771475421920377','2016-10-02 15:25:20',0,3,3,0,NULL,NULL),(12,'14754219317871475421931787','2016-10-02 15:25:32',0,3,3,0,NULL,NULL),(13,'14754219345941475421934594','2016-10-02 15:25:35',0,3,3,0,NULL,NULL),(14,'14754219370811475421937081','2016-10-02 15:25:37',0,3,3,0,NULL,NULL),(15,'14754224467331475422446733','2016-10-02 15:34:07',0,3,3,NULL,NULL,NULL),(16,'14754233039681475423303968','2016-10-02 15:48:24',0,3,3,0,NULL,NULL),(17,'14754234077291475423407730','2016-10-02 15:50:08',0,3,3,0,NULL,NULL),(18,'14754241315041475424131504','2016-10-02 16:02:12',0,3,3,0,NULL,NULL),(19,'14754242067381475424206738','2016-10-02 16:03:27',0,3,3,0,NULL,NULL),(20,'14754242888801475424288880','2016-10-02 16:04:49',0,3,3,0,NULL,NULL),(21,'14754755759111475475575911','2016-10-03 06:19:36',NULL,3,5,5,NULL,NULL),(22,'14754758392311475475839231','2016-10-03 06:23:59',NULL,3,5,0,NULL,NULL),(23,'14754759345391475475934539','2016-10-03 06:25:35',NULL,3,5,0,NULL,NULL),(24,'14754759730491475475973049','2016-10-03 06:26:13',NULL,3,5,0,NULL,NULL),(25,'14754760064611475476006461','2016-10-03 06:26:46',NULL,3,5,0,NULL,NULL),(26,'14754762140251475476214025','2016-10-03 06:30:14',NULL,3,5,0,NULL,NULL),(27,'14754763346771475476334677','2016-10-03 06:32:15',NULL,3,5,0,NULL,NULL),(28,'14754765566011475476556601','2016-10-03 06:35:57',NULL,3,5,5,NULL,NULL),(29,'14754803735081475480373508','2016-10-03 07:39:34',NULL,3,5,5,NULL,NULL),(30,'14754804284251475480428425','2016-10-03 07:40:28',NULL,3,5,10,NULL,NULL),(31,'14754807958561475480795856','2016-10-03 07:46:36',NULL,3,5,9.375,NULL,NULL),(36,'14756609205911475660920591','2016-10-05 09:48:41',NULL,3,5,0,NULL,NULL),(39,'14756717415011475671741501','2016-10-05 12:49:02',NULL,3,5,0,NULL,NULL),(40,'14756718046811475671804681','2016-10-05 12:50:05',NULL,3,5,0,NULL,NULL),(41,'14756718364631475671836463','2016-10-05 12:50:36',NULL,3,5,0,NULL,NULL),(42,'14757236862461475723686246','2016-10-06 03:14:46',NULL,3,5,0,NULL,NULL),(43,'14757237251881475723725188','2016-10-06 03:15:25',NULL,3,5,0,NULL,NULL),(44,'14757237538701475723753870','2016-10-06 03:15:54',NULL,3,5,0,NULL,NULL),(45,'14757336579601475733657960','2016-10-06 06:00:58',NULL,3,5,8,NULL,NULL),(46,'14757351238691475735123869','2016-10-06 06:25:24',NULL,3,5,7.5,NULL,NULL),(47,'14757352233831475735223383','2016-10-06 06:27:03',NULL,3,5,0,NULL,NULL),(48,'14757359222111475735922211','2016-10-06 06:38:42',NULL,3,5,5,NULL,NULL),(49,'14757365332171475736533217','2016-10-06 06:48:53',NULL,3,5,0,NULL,NULL),(50,'14757366985991475736698599','2016-10-06 06:51:39',NULL,3,5,5,NULL,NULL),(51,'14757380456551475738045655','2016-10-06 07:14:06',NULL,3,5,7.5,NULL,NULL),(52,'14757381330991475738133099','2016-10-06 07:15:33',NULL,3,5,7.5,NULL,NULL),(53,'14757381655581475738165558','2016-10-06 07:16:06',NULL,3,5,7.5,NULL,NULL),(54,'14760250580791476025058079','2016-10-09 14:57:38',NULL,3,5,5,NULL,NULL),(55,'14760250917131476025091713','2016-10-09 14:58:12',NULL,3,5,5,NULL,NULL),(56,'14760256827541476025682754','2016-10-09 15:08:03',NULL,3,5,5,NULL,NULL),(57,'14760257737411476025773741','2016-10-09 15:09:34',NULL,3,5,2.5,NULL,NULL),(58,'14760264667141476026466714','2016-10-09 15:21:07',NULL,3,5,2.5,NULL,NULL),(59,'14760264848401476026484840','2016-10-09 15:21:25',NULL,3,5,2.5,NULL,NULL),(60,'14760267172981476026717298','2016-10-09 15:25:17',NULL,3,5,5,NULL,NULL),(61,'14760801301041476080130104','2016-10-10 06:15:30',NULL,3,5,0,NULL,NULL),(62,'14760806331401476080633140','2016-10-10 06:23:53',NULL,3,5,0,NULL,NULL),(63,'14760808726201476080872620','2016-10-10 06:27:53',NULL,3,5,0,NULL,NULL),(64,'14760810029901476081002990','2016-10-10 06:30:03',NULL,3,5,0,NULL,NULL),(65,'14760812298911476081229891','2016-10-10 06:33:50',NULL,3,5,2.5,NULL,NULL),(66,'14760813626811476081362681','2016-10-10 06:36:03',NULL,3,5,0,NULL,NULL),(67,'14760818632851476081863285','2016-10-10 06:44:23',NULL,3,5,0,NULL,NULL),(68,'14760823454271476082345427','2016-10-10 06:52:25',NULL,3,5,2.5,NULL,NULL),(69,'14760823933121476082393312','2016-10-10 06:53:13',NULL,3,5,2.5,NULL,NULL),(70,'14760842580391476084258039','2016-10-10 07:24:18',NULL,3,5,0,NULL,NULL),(71,'14760843476571476084347657','2016-10-10 07:25:48',NULL,3,5,0,NULL,NULL),(72,'14760844000171476084400017','2016-10-10 07:26:40',NULL,3,5,3.75,NULL,NULL),(73,'14760844681651476084468165','2016-10-10 07:27:48',NULL,3,5,3.75,NULL,NULL),(74,'3546773682653103867','2016-10-13 06:20:54',NULL,0,5,0,NULL,NULL),(75,'1694982627964746325','2016-10-13 06:23:01',NULL,2,4,0,NULL,NULL),(76,'4054039147068402452','2016-10-13 06:29:22',NULL,0,5,0,NULL,NULL),(77,'8636690035939654886','2016-10-13 06:30:02',NULL,2,4,0,NULL,NULL),(78,'7749248159890481994','2016-10-17 16:06:22',NULL,5,5,0,NULL,NULL),(79,'8446486281694','2016-10-17 16:09:13',NULL,5,5,0,NULL,NULL),(80,'675754731914005261','2016-10-17 16:10:40',NULL,5,5,0,NULL,NULL),(81,'589204790197402969','2016-10-17 16:13:12',NULL,0,5,0,NULL,NULL),(82,'1640423898750783594','2016-10-17 16:36:58',NULL,2,5,0,NULL,NULL),(83,'2611333539326329850','2016-10-24 07:03:54',NULL,0,5,0,NULL,NULL),(84,'758968687762891474','2016-10-25 09:36:13',NULL,0,5,0,NULL,NULL),(85,'1931915984565225310','2016-10-27 09:00:24',NULL,2,5,0,NULL,NULL),(86,'3509588975132901565','2016-10-27 09:11:44',NULL,2,4,0,NULL,NULL),(87,'1428990746199510504','2016-11-01 07:58:37',NULL,3,5,2.5,NULL,NULL),(88,'4750900059138731014','2016-11-01 07:58:43',NULL,2,4,0,NULL,NULL),(89,'9145790822423035803','2016-11-01 08:15:07',NULL,2,5,0,NULL,NULL),(90,'5497862880539744519','2016-11-01 08:24:31',NULL,0,5,0,NULL,NULL),(91,'5232848533414787546','2016-11-01 08:25:41',NULL,5,5,0,NULL,NULL),(92,'4446814885303386810','2016-11-01 08:26:32',NULL,2,5,0,NULL,NULL),(93,'1427255404106453201','2016-11-01 08:57:28',NULL,3,5,2.5,NULL,NULL),(94,'1185354417148902785','2016-11-01 08:59:57',NULL,3,5,5,NULL,NULL),(95,'5004752590526015171','2016-11-01 09:02:16',NULL,2,5,0,NULL,NULL),(96,'7854258870637820232','2016-11-01 09:54:04',NULL,5,5,0,NULL,NULL),(97,'5121696377088982210','2016-11-01 09:55:23',NULL,5,5,0,NULL,NULL),(98,'4716290142699742623','2016-11-01 09:55:47',NULL,3,5,2.5,NULL,NULL),(99,'2762534618660040919','2016-11-01 09:56:26',NULL,3,5,2.5,NULL,NULL),(100,'4996533716782711187','2016-11-01 09:56:34',NULL,3,5,2.5,NULL,NULL),(101,'5099293418281919135','2016-11-01 09:57:05',NULL,3,5,2.5,NULL,NULL),(102,'6452298467540813554','2016-11-01 09:57:34',NULL,3,5,2.5,NULL,NULL),(103,'5830855759045117341','2016-11-01 09:58:02',NULL,3,5,2.5,NULL,NULL),(104,'3609609403226375603','2016-11-01 09:58:25',NULL,5,5,0,NULL,NULL),(105,'3783067103746970238','2016-11-01 10:00:05',NULL,0,5,0,NULL,NULL),(106,'3269421236927020520','2016-11-01 17:10:37',NULL,0,5,0,NULL,NULL),(107,'1996509952039129640','2016-11-03 04:26:58',NULL,3,5,2.5,NULL,NULL),(108,'4879693752624024328','2016-11-03 04:27:52',NULL,3,5,2.5,NULL,NULL),(109,'2062396997541662080','2016-11-03 04:28:49',NULL,3,5,2.5,NULL,NULL),(110,'5037922468283360768','2016-11-03 04:29:36',NULL,3,5,2.5,NULL,NULL),(111,'8961427840767315100','2016-11-03 04:30:24',NULL,3,5,2.5,NULL,NULL),(112,'928743955107675169','2016-11-03 04:33:53',NULL,3,5,5,NULL,NULL),(113,'510204180424144503','2016-11-03 04:36:58',NULL,3,5,3.75,NULL,NULL),(114,'1430573185280638441','2016-11-03 04:38:06',NULL,2,5,0,NULL,NULL),(115,'4710273103502892365','2016-11-03 12:00:46',NULL,2,5,0,NULL,NULL),(116,'2251748624295214619','2016-11-06 08:39:10',NULL,3,5,2.5,NULL,NULL),(117,'5782706905528588674','2016-11-06 08:42:23',NULL,3,5,2.5,NULL,NULL),(118,'4095041369198975217','2016-11-06 08:43:04',NULL,3,5,5,NULL,NULL),(119,'3344842524812722508','2016-11-06 08:44:34',NULL,2,5,0,NULL,NULL),(120,'2181256562245129212','2016-11-07 04:58:53',NULL,0,10,0,NULL,NULL),(121,'750200003232112339','2016-11-09 07:01:39',NULL,0,8,0,NULL,NULL),(122,'8892568066683795163','2016-11-10 04:23:59',NULL,3,8,2.5,NULL,NULL),(123,'3826693529035502398','2016-11-10 04:26:46',NULL,3,8,2.5,NULL,NULL),(124,'5702254396925943065','2016-11-10 04:27:24',NULL,3,8,-5,NULL,NULL),(125,'5278884829268550988','2016-11-10 04:30:01',NULL,3,8,2.5,NULL,NULL),(126,'8975453725829328869','2016-11-10 04:35:54',NULL,3,8,-4,NULL,NULL),(127,'6339433525857791344','2016-11-10 04:37:16',NULL,3,8,-2.5,NULL,NULL),(128,'2191317060442268432','2016-11-10 04:40:19',NULL,3,8,5,NULL,NULL),(129,'8088300355614614297','2016-11-10 04:46:11',NULL,3,8,2.5,NULL,NULL),(130,'7604268216837677030','2016-11-10 04:46:52',NULL,3,8,-5,NULL,NULL),(131,'5913842100869303371','2016-11-10 04:49:16',NULL,5,8,0,NULL,NULL),(132,'263596010650920263','2016-11-10 04:52:57',NULL,0,8,0,NULL,NULL),(133,'110756238293392414','2016-11-11 04:33:48',NULL,3,8,0,NULL,NULL),(134,'30687727716869443','2016-11-11 04:35:59',NULL,0,8,0,NULL,NULL),(135,'424929101069675824','2016-11-11 04:40:43',NULL,3,8,0,NULL,NULL),(136,'308829777949955463','2016-11-11 04:45:11',NULL,3,8,0,NULL,NULL),(137,'8926849194615744255','2016-11-11 04:45:14',NULL,3,8,0,NULL,NULL),(138,'8360506515801124534','2016-11-11 04:45:17',NULL,3,8,0,NULL,NULL),(139,'2104765130472631285','2016-11-11 04:45:19',NULL,3,8,0,NULL,NULL),(140,'2663564083774404262','2016-11-11 04:47:39',NULL,0,8,0,NULL,NULL),(141,'3616735253181044367','2016-11-11 04:57:59',NULL,3,8,0,NULL,NULL),(142,'7860477733965767354','2016-11-11 04:58:02',NULL,3,8,0,NULL,NULL),(143,'6011176453332477751','2016-11-11 04:58:04',NULL,3,8,0,NULL,NULL),(144,'4600132115254927295','2016-11-11 05:37:23',NULL,3,8,0,NULL,NULL),(145,'9064405536032300638','2016-11-11 05:37:25',NULL,3,8,0,NULL,NULL),(146,'2041305365611130626','2016-11-11 05:43:10',NULL,3,8,0,NULL,NULL),(147,'2419323494896043597','2016-11-11 05:44:28',NULL,3,8,0,NULL,NULL),(148,'1969418943846360139','2016-11-11 05:45:55',NULL,3,8,-5,NULL,NULL),(149,'878387209303977178','2016-11-11 05:47:22',NULL,3,8,-5,NULL,NULL),(150,'2903573143958237351','2016-11-11 05:49:14',NULL,3,8,-5,NULL,NULL),(151,'2291017074591850701','2016-11-11 05:50:40',NULL,3,8,0,NULL,NULL),(152,'6007704568969373943','2016-11-11 05:51:48',NULL,3,8,-5,NULL,NULL),(153,'3676475361841693006','2016-11-11 05:53:28',NULL,3,8,0,NULL,NULL),(154,'8324867379500576883','2016-11-11 05:56:25',NULL,3,8,0,NULL,NULL),(155,'552767897771255906','2016-11-11 05:57:38',NULL,3,8,2.5,NULL,NULL),(156,'7485026250490459622','2016-11-11 06:14:08',NULL,3,8,0,NULL,NULL),(157,'4688693522973963902','2016-11-11 06:15:19',NULL,0,8,0,NULL,NULL),(158,'5099083107207637127','2016-11-11 06:16:50',NULL,3,8,0,NULL,NULL),(159,'6090485400216041559','2016-11-11 06:19:16',NULL,2,8,0,NULL,NULL),(160,'7116915859164327926','2016-11-11 07:31:06',NULL,3,8,0,NULL,NULL),(161,'4286879804790399686','2016-11-11 07:33:52',NULL,3,8,2.5,NULL,NULL),(162,'5104311202504839465','2016-11-11 07:36:45',NULL,3,8,-5,NULL,NULL),(163,'480376297278685734','2016-11-11 07:40:39',NULL,3,8,-5,NULL,NULL),(164,'5246196595365984000','2016-11-11 07:42:44',NULL,3,8,2.5,NULL,NULL),(165,'6017312055994731129','2016-11-11 07:47:07',NULL,3,8,-2.5,NULL,NULL),(166,'1821180792777217308','2016-11-11 07:49:33',NULL,3,8,5,NULL,NULL),(167,'8958152936994003898','2016-11-11 07:50:43',NULL,3,8,-2.5,NULL,NULL),(168,'7974770432655379438','2016-11-11 07:52:42',NULL,3,8,-2.5,NULL,NULL),(169,'9048644902629980567','2016-11-11 07:54:09',NULL,3,8,-2.5,NULL,NULL),(170,'3055905049338057855','2016-11-11 07:55:34',NULL,3,8,2.5,NULL,NULL),(171,'8399438361519576184','2016-11-11 07:59:42',NULL,5,8,0,NULL,NULL),(172,'3017905485824542258','2016-11-11 08:02:08',NULL,3,8,3.75,NULL,NULL),(173,'6779267469466534559','2016-11-11 08:07:29',NULL,3,8,0,NULL,NULL),(174,'8428692448132612145','2016-11-11 08:09:29',NULL,3,8,-2.5,NULL,NULL),(175,'4474067560814910193','2016-11-11 08:26:50',NULL,0,8,0,NULL,NULL),(176,'6402099135202181903','2016-11-11 08:55:25',NULL,0,8,0,NULL,NULL),(177,'3966101708804882155','2016-11-11 09:22:23',NULL,3,8,0,NULL,NULL),(178,'4121704674197619460','2016-11-11 09:24:36',NULL,5,8,0,NULL,NULL),(179,'3949651925896646896','2016-11-11 09:28:00',NULL,3,8,2.5,NULL,NULL),(180,'2473299160807847483','2016-11-11 09:30:22',NULL,3,8,0,NULL,NULL),(181,'8947476444254380859','2016-11-11 09:31:00',NULL,0,8,0,NULL,NULL),(182,'4594052123965267955','2016-11-11 09:31:58',NULL,3,8,-2.5,NULL,NULL),(183,'7956410822504767804','2016-11-11 09:32:47',NULL,3,8,-2.5,NULL,NULL),(184,'2665649284572756479','2016-11-11 09:52:09',NULL,0,8,0,NULL,NULL),(185,'2185755574645300695','2016-11-12 18:13:34',NULL,0,8,0,NULL,NULL),(186,'2189922444834394983','2016-11-12 18:22:46',NULL,3,8,5,NULL,NULL),(187,'2041260023444258023','2016-11-12 18:23:37',NULL,3,8,-2.5,NULL,NULL),(188,'9144368089339344989','2016-11-12 18:24:49',NULL,3,8,0,NULL,NULL),(189,'8424654138869091156','2016-11-12 18:24:52',NULL,3,8,-2.5,NULL,NULL),(190,'29806720408376802','2016-11-12 18:25:23',NULL,3,8,2.5,NULL,NULL),(191,'4263557912136309810','2016-11-12 18:26:01',NULL,3,8,2.5,NULL,NULL),(192,'6256494920734667838','2016-11-12 18:27:45',NULL,3,8,2.5,NULL,NULL),(193,'8389460835778617417','2016-11-12 18:29:32',NULL,2,8,0,NULL,NULL),(194,'1681709568715657917','2016-11-12 18:33:19',NULL,2,8,0,NULL,NULL),(195,'9011278675093325672','2016-11-13 14:01:40',NULL,3,8,0,NULL,NULL),(196,'3102376670600727316','2016-11-13 15:31:41',NULL,3,8,2.5,NULL,NULL),(197,'1143277285436649926','2016-11-13 15:32:37',NULL,3,8,2.5,NULL,NULL),(198,'6456069886694356815','2016-11-13 15:33:21',NULL,3,8,2.5,NULL,NULL),(199,'7852273003879462620','2016-11-13 15:35:05',NULL,5,8,0,NULL,NULL),(200,'3250472379178960957','2016-11-13 15:35:56',NULL,5,8,0,NULL,NULL),(201,'4296705899019702426','2016-11-13 15:36:24',NULL,5,8,0,NULL,NULL),(202,'4419644035138918800','2016-11-13 15:37:10',NULL,0,8,0,NULL,NULL),(203,'7065434736618453570','2016-11-13 16:27:25',NULL,3,8,2.5,NULL,NULL),(204,'3046164917754628364','2016-11-13 16:27:54',NULL,2,8,0,NULL,NULL),(205,'3024122204596494514','2016-11-14 04:22:00',NULL,3,8,5,NULL,NULL),(206,'5397848339844753240','2016-11-14 04:22:35',NULL,3,8,-5,NULL,NULL),(207,'7158494829011048563','2016-11-14 04:24:23',NULL,3,8,-5,NULL,NULL),(208,'4629854151692220039','2016-11-14 04:26:43',NULL,5,8,0,NULL,NULL),(209,'3511125275757384457','2016-11-14 04:27:55',NULL,5,8,0,NULL,NULL),(210,'5960695788824310488','2016-11-14 04:29:57',NULL,5,8,0,NULL,NULL),(211,'8470763662774914849','2016-11-14 04:31:14',NULL,5,8,0,NULL,NULL),(212,'4846567745164828108','2016-11-14 04:33:58',NULL,5,8,0,NULL,NULL),(213,'6933960514049004566','2016-11-14 05:01:37',NULL,2,8,0,NULL,NULL),(214,'1795406485358552406','2016-11-14 12:01:25',NULL,3,8,0,NULL,NULL),(215,'4191785126903232898','2016-11-14 12:02:05',NULL,3,8,5,NULL,NULL),(216,'3530519712229111102','2016-11-14 12:02:27',NULL,2,8,0,NULL,NULL),(217,'800119776926943266','2016-11-14 12:04:20',NULL,3,8,2.5,NULL,NULL),(218,'629198586364815810','2016-11-14 12:08:24',NULL,5,8,0,NULL,NULL),(219,'5922777617321011337','2016-11-14 12:09:46',NULL,3,8,-5,NULL,NULL),(220,'1276514583860003754','2016-11-14 12:10:16',NULL,3,8,-2.5,NULL,NULL),(221,'1344617143758142340','2016-11-14 12:10:51',NULL,3,8,-5,NULL,NULL),(222,'8678784355642563900','2016-11-14 12:11:10',NULL,3,8,2.5,NULL,NULL),(223,'3685124148378014915','2016-11-14 12:11:50',NULL,5,8,0,NULL,NULL),(224,'6461266938818233196','2016-11-14 12:12:24',NULL,3,8,2.5,NULL,NULL),(225,'5777257934068252004','2016-11-14 12:12:59',NULL,5,8,0,NULL,NULL),(226,'383900090702256961','2016-11-14 12:16:59',NULL,3,8,3,NULL,NULL),(227,'3597781328909715524','2016-11-14 12:18:04',NULL,3,8,5,NULL,NULL),(228,'8057908828047395395','2016-11-14 12:20:30',NULL,0,8,0,NULL,NULL),(229,'5495501549221382284','2016-11-14 13:55:36',NULL,3,8,0,NULL,NULL),(230,'8463655533581453342','2016-11-14 14:02:00',NULL,0,12,0,NULL,NULL),(231,'7980737864990998224','2016-11-14 14:03:44',NULL,5,8,0,NULL,NULL),(232,'548758062030781032','2016-11-14 14:04:50',NULL,3,8,-2.5,NULL,NULL),(233,'8399363285070394324','2016-11-14 14:05:32',NULL,2,8,0,NULL,NULL),(234,'756042316132510070','2016-11-14 14:27:20',NULL,2,8,0,NULL,NULL),(235,'7501572562302764308','2016-11-14 14:31:23',NULL,3,8,-5,NULL,NULL),(236,'8098771353818917904','2016-11-14 14:31:47',NULL,3,8,-5,NULL,NULL),(237,'8589012339677911322','2016-11-14 14:32:11',NULL,3,8,0,NULL,NULL),(238,'8768938570483140306','2016-11-14 14:32:41',NULL,3,8,-5,NULL,NULL),(239,'1106241823699202956','2016-11-14 14:33:00',NULL,3,8,5,NULL,NULL),(240,'7581307152520687515','2016-11-14 14:33:15',NULL,5,8,0,NULL,NULL),(241,'9125135262126590339','2016-11-14 14:33:37',NULL,3,8,-5,NULL,NULL),(242,'6783278976368137619','2016-11-14 14:33:53',NULL,3,8,0,NULL,NULL),(243,'4841775949522796067','2016-11-14 14:34:13',NULL,3,8,2.5,NULL,NULL),(244,'79231448008510105','2016-11-14 14:34:28',NULL,3,8,0,NULL,NULL),(245,'3371019928149835516','2016-11-14 14:34:39',NULL,3,8,2.5,NULL,NULL),(246,'327272009462377711','2016-11-14 14:35:04',NULL,3,8,2.5,NULL,NULL),(247,'4969565471777061678','2016-11-14 14:36:47',NULL,5,8,0,NULL,NULL),(248,'3655592503510379931','2016-11-14 14:41:20',NULL,5,8,0,NULL,NULL),(249,'7570943843504694827','2016-11-14 14:42:23',NULL,3,8,-2.5,NULL,NULL),(250,'1031925635461152005','2016-11-14 14:42:50',NULL,3,8,5,NULL,NULL),(251,'4379916682704718070','2016-11-14 14:43:35',NULL,3,8,-2.5,NULL,NULL),(252,'8546393026661224897','2016-11-14 14:43:58',NULL,3,8,5,NULL,NULL),(253,'7792471838081071531','2016-11-14 14:44:21',NULL,5,8,0,NULL,NULL),(254,'6119385397334160688','2016-11-14 14:49:03',NULL,3,8,0,NULL,NULL),(255,'7068219356350195693','2016-11-14 14:51:01',NULL,5,8,0,NULL,NULL),(256,'3698616429980733191','2016-11-14 14:56:27',NULL,5,8,0,NULL,NULL),(257,'9084108196968957834','2016-11-14 14:57:03',NULL,2,8,0,NULL,NULL),(258,'3543091077846997392','2016-11-14 19:02:17',NULL,3,8,5,NULL,NULL),(259,'6316236316155067456','2016-11-14 19:03:25',NULL,5,8,0,NULL,NULL),(260,'8547387460149460316','2016-11-14 19:03:56',NULL,3,8,5,NULL,NULL),(261,'8177961858169345406','2016-11-14 19:04:32',NULL,2,8,0,NULL,NULL),(262,'65720069335829648','2016-11-15 04:17:55',NULL,3,8,-1.25,NULL,NULL),(263,'6396199820727828337','2016-11-15 04:18:46',NULL,3,8,3,NULL,NULL),(264,'1047140970317909798','2016-11-15 04:19:34',NULL,3,8,2.5,NULL,NULL),(265,'983906053989422941','2016-11-15 04:20:31',NULL,3,8,-5,NULL,NULL),(266,'2094164973600727567','2016-11-15 04:21:35',NULL,3,8,2.5,NULL,NULL),(267,'7164539631715794732','2016-11-15 04:23:05',NULL,2,8,0,NULL,NULL),(268,'209589386633394061','2016-11-16 16:51:34',NULL,3,8,0,NULL,NULL),(269,'678369458936559462','2016-11-16 16:52:09',NULL,2,8,0,NULL,NULL),(270,'7012246784017459885','2016-11-17 04:13:30',NULL,3,8,0,NULL,NULL),(271,'382287630428310709','2016-11-17 04:14:33',NULL,3,8,5,NULL,NULL),(272,'4349047410716484951','2016-11-17 04:16:49',NULL,0,8,0,NULL,NULL);
/*!40000 ALTER TABLE `customer_service` ENABLE KEYS */;
UNLOCK TABLES;


